gene,Type,Class,Mechanism,Group
MEG_1432|Drugs|betalactams|Class_A_betalactamases|BLAZ,Drugs,betalactams,Class_A_betalactamases,BLAZ
MEG_297|Drugs|Aminoglycosides|Aminoglycoside_N-acetyltransferases|AAC6-PRIME,Drugs,Aminoglycosides,Aminoglycoside_N-acetyltransferases,AAC6-PRIME
MEG_7131|Drugs|Tetracyclines|Tetracycline_resistance_ribosomal_protection_proteins|TETM,Drugs,Tetracyclines,Tetracycline_resistance_ribosomal_protection_proteins,TETM
MEG_4677|Drugs|betalactams|Class_D_betalactamases|OXA,Drugs,betalactams,Class_D_betalactamases,OXA
MEG_1395|Drugs|betalactams|Class_A_betalactamases|BLAZ,Drugs,betalactams,Class_A_betalactamases,BLAZ
MEG_6616|Drugs|Sulfonamides|Sulfonamide-resistant_dihydropteroate_synthases|SULI,Drugs,Sulfonamides,Sulfonamide-resistant_dihydropteroate_synthases,SULI
MEG_7133|Drugs|Tetracyclines|Tetracycline_resistance_ribosomal_protection_proteins|TETM,Drugs,Tetracyclines,Tetracycline_resistance_ribosomal_protection_proteins,TETM
MEG_6928|Drugs|betalactams|Class_A_betalactamases|TEM,Drugs,betalactams,Class_A_betalactamases,TEM
MEG_7141|Drugs|Tetracyclines|Tetracycline_resistance_ribosomal_protection_proteins|TETM,Drugs,Tetracyclines,Tetracycline_resistance_ribosomal_protection_proteins,TETM
MEG_1389|Drugs|betalactams|Class_A_betalactamases|BLAZ,Drugs,betalactams,Class_A_betalactamases,BLAZ
MEG_1943|Drugs|betalactams|Class_C_betalactamases|CMY,Drugs,betalactams,Class_C_betalactamases,CMY
MEG_7140|Drugs|Tetracyclines|Tetracycline_resistance_ribosomal_protection_proteins|TETM,Drugs,Tetracyclines,Tetracycline_resistance_ribosomal_protection_proteins,TETM
MEG_1791|Drugs|betalactams|Class_C_betalactamases|CMY,Drugs,betalactams,Class_C_betalactamases,CMY
MEG_1430|Drugs|betalactams|Class_A_betalactamases|BLAZ,Drugs,betalactams,Class_A_betalactamases,BLAZ
MEG_7676|Drugs|Multi-drug_resistance|Multi-drug_ABC_efflux_pumps|VGA,Drugs,Multi-drug_resistance,Multi-drug_ABC_efflux_pumps,VGA
MEG_7121|Drugs|Tetracyclines|Tetracycline_resistance_ribosomal_protection_proteins|TETM,Drugs,Tetracyclines,Tetracycline_resistance_ribosomal_protection_proteins,TETM
MEG_5896|Drugs|Fluoroquinolones|Quinolone_resistance_protein_Qnr|QNRB,Drugs,Fluoroquinolones,Quinolone_resistance_protein_Qnr,QNRB
MEG_88|Drugs|Aminoglycosides|Aminoglycoside_N-acetyltransferases|AAC6-PRIME,Drugs,Aminoglycosides,Aminoglycoside_N-acetyltransferases,AAC6-PRIME
MEG_7129|Drugs|Tetracyclines|Tetracycline_resistance_ribosomal_protection_proteins|TETM,Drugs,Tetracyclines,Tetracycline_resistance_ribosomal_protection_proteins,TETM
MEG_7110|Drugs|Tetracyclines|Tetracycline_resistance_ribosomal_protection_proteins|TETM,Drugs,Tetracyclines,Tetracycline_resistance_ribosomal_protection_proteins,TETM
MEG_6589|Drugs|Sulfonamides|Sulfonamide-resistant_dihydropteroate_synthases|SULI,Drugs,Sulfonamides,Sulfonamide-resistant_dihydropteroate_synthases,SULI
MEG_1414|Drugs|betalactams|Class_A_betalactamases|BLAZ,Drugs,betalactams,Class_A_betalactamases,BLAZ
MEG_1456|Drugs|betalactams|Class_A_betalactamases|BLAZ,Drugs,betalactams,Class_A_betalactamases,BLAZ
MEG_1988|Drugs|betalactams|Class_C_betalactamases|CMY,Drugs,betalactams,Class_C_betalactamases,CMY
MEG_1375|Drugs|betalactams|Class_A_betalactamases|BLAZ,Drugs,betalactams,Class_A_betalactamases,BLAZ
MEG_5090|Drugs|betalactams|Class_D_betalactamases|OXA,Drugs,betalactams,Class_D_betalactamases,OXA
MEG_5224|Drugs|betalactams|Class_D_betalactamases|OXA,Drugs,betalactams,Class_D_betalactamases,OXA
MEG_7136|Drugs|Tetracyclines|Tetracycline_resistance_ribosomal_protection_proteins|TETM,Drugs,Tetracyclines,Tetracycline_resistance_ribosomal_protection_proteins,TETM
MEG_5045|Drugs|betalactams|Class_D_betalactamases|OXA,Drugs,betalactams,Class_D_betalactamases,OXA
MEG_1825|Drugs|betalactams|Class_C_betalactamases|CMY,Drugs,betalactams,Class_C_betalactamases,CMY
MEG_2801|Drugs|MLS|23S_rRNA_methyltransferases|ERMB,Drugs,MLS,23S_rRNA_methyltransferases,ERMB
MEG_3778|Drugs|betalactams|Penicillin_binding_protein|MECA,Drugs,betalactams,Penicillin_binding_protein,MECA
MEG_7114|Drugs|Tetracyclines|Tetracycline_resistance_ribosomal_protection_proteins|TETM,Drugs,Tetracyclines,Tetracycline_resistance_ribosomal_protection_proteins,TETM
MEG_3771|Drugs|betalactams|Penicillin_binding_protein|MECA,Drugs,betalactams,Penicillin_binding_protein,MECA
MEG_1338|Drugs|betalactams|Class_A_betalactamases|BLAZ,Drugs,betalactams,Class_A_betalactamases,BLAZ
MEG_4868|Drugs|betalactams|Class_D_betalactamases|OXA,Drugs,betalactams,Class_D_betalactamases,OXA
MEG_3731|Drugs|Lipopeptides|Colistin_phosphoethanolamine_transferase|MCR,Drugs,Lipopeptides,Colistin_phosphoethanolamine_transferase,MCR
MEG_3773|Drugs|betalactams|Penicillin_binding_protein|MECA,Drugs,betalactams,Penicillin_binding_protein,MECA
MEG_3767|Drugs|betalactams|Penicillin_binding_protein|MECA,Drugs,betalactams,Penicillin_binding_protein,MECA
MEG_1436|Drugs|betalactams|Class_A_betalactamases|BLAZ,Drugs,betalactams,Class_A_betalactamases,BLAZ
MEG_1848|Drugs|betalactams|Class_C_betalactamases|CMY,Drugs,betalactams,Class_C_betalactamases,CMY
MEG_5171|Drugs|betalactams|Class_D_betalactamases|OXA,Drugs,betalactams,Class_D_betalactamases,OXA
MEG_333|Drugs|Aminoglycosides|Aminoglycoside_N-acetyltransferases|AAC6-PRIME,Drugs,Aminoglycosides,Aminoglycoside_N-acetyltransferases,AAC6-PRIME
MEG_7137|Drugs|Tetracyclines|Tetracycline_resistance_ribosomal_protection_proteins|TETM,Drugs,Tetracyclines,Tetracycline_resistance_ribosomal_protection_proteins,TETM
MEG_1452|Drugs|betalactams|Class_A_betalactamases|BLAZ,Drugs,betalactams,Class_A_betalactamases,BLAZ
MEG_1405|Drugs|betalactams|Class_A_betalactamases|BLAZ,Drugs,betalactams,Class_A_betalactamases,BLAZ
MEG_5996|Drugs|Fluoroquinolones|Quinolone_resistance_protein_Qnr|QNRB,Drugs,Fluoroquinolones,Quinolone_resistance_protein_Qnr,QNRB
MEG_7630|Drugs|MLS|Streptogramin_A_O-acetyltransferase|VATE,Drugs,MLS,Streptogramin_A_O-acetyltransferase,VATE
MEG_4594|Drugs|betalactams|Class_D_betalactamases|OXA,Drugs,betalactams,Class_D_betalactamases,OXA
MEG_7146|Drugs|Tetracyclines|Tetracycline_resistance_ribosomal_protection_proteins|TETM,Drugs,Tetracyclines,Tetracycline_resistance_ribosomal_protection_proteins,TETM
MEG_6585|Drugs|Sulfonamides|Sulfonamide-resistant_dihydropteroate_synthases|SULI,Drugs,Sulfonamides,Sulfonamide-resistant_dihydropteroate_synthases,SULI
MEG_1831|Drugs|betalactams|Class_C_betalactamases|CMY,Drugs,betalactams,Class_C_betalactamases,CMY
MEG_3323|Drugs|betalactams|Class_B_betalactamases|IMP,Drugs,betalactams,Class_B_betalactamases,IMP
MEG_5063|Drugs|betalactams|Class_D_betalactamases|OXA,Drugs,betalactams,Class_D_betalactamases,OXA
MEG_2549|Drugs|Trimethoprim|Dihydrofolate_reductase|DFRA,Drugs,Trimethoprim,Dihydrofolate_reductase,DFRA
MEG_6900|Drugs|betalactams|Class_A_betalactamases|TEM,Drugs,betalactams,Class_A_betalactamases,TEM
MEG_225|Drugs|Aminoglycosides|Aminoglycoside_N-acetyltransferases|AAC6-PRIME,Drugs,Aminoglycosides,Aminoglycoside_N-acetyltransferases,AAC6-PRIME
MEG_5277|Drugs|betalactams|Class_D_betalactamases|OXA,Drugs,betalactams,Class_D_betalactamases,OXA
MEG_4747|Drugs|betalactams|Class_D_betalactamases|OXA,Drugs,betalactams,Class_D_betalactamases,OXA
MEG_1948|Drugs|betalactams|Class_C_betalactamases|CMY,Drugs,betalactams,Class_C_betalactamases,CMY
MEG_7144|Drugs|Tetracyclines|Tetracycline_resistance_ribosomal_protection_proteins|TETM,Drugs,Tetracyclines,Tetracycline_resistance_ribosomal_protection_proteins,TETM
MEG_1855|Drugs|betalactams|Class_C_betalactamases|CMY,Drugs,betalactams,Class_C_betalactamases,CMY
MEG_4981|Drugs|betalactams|Class_D_betalactamases|OXA,Drugs,betalactams,Class_D_betalactamases,OXA
MEG_6590|Drugs|Sulfonamides|Sulfonamide-resistant_dihydropteroate_synthases|SULI,Drugs,Sulfonamides,Sulfonamide-resistant_dihydropteroate_synthases,SULI
MEG_6843|Drugs|betalactams|Class_A_betalactamases|TEM,Drugs,betalactams,Class_A_betalactamases,TEM
MEG_4999|Drugs|betalactams|Class_D_betalactamases|OXA,Drugs,betalactams,Class_D_betalactamases,OXA
MEG_6587|Drugs|Sulfonamides|Sulfonamide-resistant_dihydropteroate_synthases|SULI,Drugs,Sulfonamides,Sulfonamide-resistant_dihydropteroate_synthases,SULI
MEG_7147|Drugs|Tetracyclines|Tetracycline_resistance_ribosomal_protection_proteins|TETM,Drugs,Tetracyclines,Tetracycline_resistance_ribosomal_protection_proteins,TETM
MEG_4986|Drugs|betalactams|Class_D_betalactamases|OXA,Drugs,betalactams,Class_D_betalactamases,OXA
MEG_362|Drugs|Aminoglycosides|Aminoglycoside_N-acetyltransferases|AAC6-PRIME,Drugs,Aminoglycosides,Aminoglycoside_N-acetyltransferases,AAC6-PRIME
MEG_6603|Drugs|Sulfonamides|Sulfonamide-resistant_dihydropteroate_synthases|SULI,Drugs,Sulfonamides,Sulfonamide-resistant_dihydropteroate_synthases,SULI
MEG_3788|Drugs|betalactams|Penicillin_binding_protein|MECA,Drugs,betalactams,Penicillin_binding_protein,MECA
MEG_6612|Drugs|Sulfonamides|Sulfonamide-resistant_dihydropteroate_synthases|SULI,Drugs,Sulfonamides,Sulfonamide-resistant_dihydropteroate_synthases,SULI
MEG_6602|Drugs|Sulfonamides|Sulfonamide-resistant_dihydropteroate_synthases|SULI,Drugs,Sulfonamides,Sulfonamide-resistant_dihydropteroate_synthases,SULI
MEG_1345|Drugs|betalactams|Class_A_betalactamases|BLAZ,Drugs,betalactams,Class_A_betalactamases,BLAZ
MEG_1819|Drugs|betalactams|Class_C_betalactamases|CMY,Drugs,betalactams,Class_C_betalactamases,CMY
MEG_2482|Drugs|Trimethoprim|Dihydrofolate_reductase|DFRA,Drugs,Trimethoprim,Dihydrofolate_reductase,DFRA
MEG_3782|Drugs|betalactams|Penicillin_binding_protein|MECA,Drugs,betalactams,Penicillin_binding_protein,MECA
MEG_1893|Drugs|betalactams|Class_C_betalactamases|CMY,Drugs,betalactams,Class_C_betalactamases,CMY
MEG_7142|Drugs|Tetracyclines|Tetracycline_resistance_ribosomal_protection_proteins|TETM,Drugs,Tetracyclines,Tetracycline_resistance_ribosomal_protection_proteins,TETM
MEG_1391|Drugs|betalactams|Class_A_betalactamases|BLAZ,Drugs,betalactams,Class_A_betalactamases,BLAZ
MEG_6925|Drugs|betalactams|Class_A_betalactamases|TEM,Drugs,betalactams,Class_A_betalactamases,TEM
MEG_4412|Drugs|betalactams|Class_D_betalactamases|OXA,Drugs,betalactams,Class_D_betalactamases,OXA
MEG_7103|Drugs|Tetracyclines|Tetracycline_resistance_ribosomal_protection_proteins|TETM,Drugs,Tetracyclines,Tetracycline_resistance_ribosomal_protection_proteins,TETM
MEG_6594|Drugs|Sulfonamides|Sulfonamide-resistant_dihydropteroate_synthases|SULI,Drugs,Sulfonamides,Sulfonamide-resistant_dihydropteroate_synthases,SULI
MEG_6609|Drugs|Sulfonamides|Sulfonamide-resistant_dihydropteroate_synthases|SULI,Drugs,Sulfonamides,Sulfonamide-resistant_dihydropteroate_synthases,SULI
MEG_4998|Drugs|betalactams|Class_D_betalactamases|OXA,Drugs,betalactams,Class_D_betalactamases,OXA
MEG_1454|Drugs|betalactams|Class_A_betalactamases|BLAZ,Drugs,betalactams,Class_A_betalactamases,BLAZ
MEG_141|Drugs|Aminoglycosides|Aminoglycoside_N-acetyltransferases|AAC6-PRIME,Drugs,Aminoglycosides,Aminoglycoside_N-acetyltransferases,AAC6-PRIME
MEG_1796|Drugs|betalactams|Class_C_betalactamases|CMY,Drugs,betalactams,Class_C_betalactamases,CMY
MEG_242|Drugs|Aminoglycosides|Aminoglycoside_N-acetyltransferases|AAC6-PRIME,Drugs,Aminoglycosides,Aminoglycoside_N-acetyltransferases,AAC6-PRIME
MEG_2794|Drugs|MLS|23S_rRNA_methyltransferases|ERMB,Drugs,MLS,23S_rRNA_methyltransferases,ERMB
MEG_1863|Drugs|betalactams|Class_C_betalactamases|CMY,Drugs,betalactams,Class_C_betalactamases,CMY
MEG_1873|Drugs|betalactams|Class_C_betalactamases|CMY,Drugs,betalactams,Class_C_betalactamases,CMY
MEG_1431|Drugs|betalactams|Class_A_betalactamases|BLAZ,Drugs,betalactams,Class_A_betalactamases,BLAZ
MEG_1351|Drugs|betalactams|Class_A_betalactamases|BLAZ,Drugs,betalactams,Class_A_betalactamases,BLAZ
MEG_364|Drugs|Aminoglycosides|Aminoglycoside_N-acetyltransferases|AAC6-PRIME,Drugs,Aminoglycosides,Aminoglycoside_N-acetyltransferases,AAC6-PRIME
MEG_2795|Drugs|MLS|23S_rRNA_methyltransferases|ERMB,Drugs,MLS,23S_rRNA_methyltransferases,ERMB
MEG_6608|Drugs|Sulfonamides|Sulfonamide-resistant_dihydropteroate_synthases|SULI,Drugs,Sulfonamides,Sulfonamide-resistant_dihydropteroate_synthases,SULI
MEG_4997|Drugs|betalactams|Class_D_betalactamases|OXA,Drugs,betalactams,Class_D_betalactamases,OXA
MEG_1331|Drugs|betalactams|Class_A_betalactamases|BLAZ,Drugs,betalactams,Class_A_betalactamases,BLAZ
MEG_7678|Drugs|Multi-drug_resistance|Multi-drug_ABC_efflux_pumps|VGA,Drugs,Multi-drug_resistance,Multi-drug_ABC_efflux_pumps,VGA
MEG_145|Drugs|Aminoglycosides|Aminoglycoside_N-acetyltransferases|AAC6-PRIME,Drugs,Aminoglycosides,Aminoglycoside_N-acetyltransferases,AAC6-PRIME
MEG_7123|Drugs|Tetracyclines|Tetracycline_resistance_ribosomal_protection_proteins|TETM,Drugs,Tetracyclines,Tetracycline_resistance_ribosomal_protection_proteins,TETM
MEG_4808|Drugs|betalactams|Class_D_betalactamases|OXA,Drugs,betalactams,Class_D_betalactamases,OXA
MEG_6596|Drugs|Sulfonamides|Sulfonamide-resistant_dihydropteroate_synthases|SULI,Drugs,Sulfonamides,Sulfonamide-resistant_dihydropteroate_synthases,SULI
MEG_2551|Drugs|Trimethoprim|Dihydrofolate_reductase|DFRA,Drugs,Trimethoprim,Dihydrofolate_reductase,DFRA
MEG_316|Drugs|Aminoglycosides|Aminoglycoside_N-acetyltransferases|AAC6-PRIME,Drugs,Aminoglycosides,Aminoglycoside_N-acetyltransferases,AAC6-PRIME
MEG_7128|Drugs|Tetracyclines|Tetracycline_resistance_ribosomal_protection_proteins|TETM,Drugs,Tetracyclines,Tetracycline_resistance_ribosomal_protection_proteins,TETM
MEG_1437|Drugs|betalactams|Class_A_betalactamases|BLAZ,Drugs,betalactams,Class_A_betalactamases,BLAZ
MEG_357|Drugs|Aminoglycosides|Aminoglycoside_N-acetyltransferases|AAC6-PRIME,Drugs,Aminoglycosides,Aminoglycoside_N-acetyltransferases,AAC6-PRIME
MEG_1374|Drugs|betalactams|Class_A_betalactamases|BLAZ,Drugs,betalactams,Class_A_betalactamases,BLAZ
MEG_256|Drugs|Aminoglycosides|Aminoglycoside_N-acetyltransferases|AAC6-PRIME,Drugs,Aminoglycosides,Aminoglycoside_N-acetyltransferases,AAC6-PRIME
MEG_1870|Drugs|betalactams|Class_C_betalactamases|CMY,Drugs,betalactams,Class_C_betalactamases,CMY
MEG_126|Drugs|Aminoglycosides|Aminoglycoside_N-acetyltransferases|AAC6-PRIME,Drugs,Aminoglycosides,Aminoglycoside_N-acetyltransferases,AAC6-PRIME
MEG_2502|Drugs|Trimethoprim|Dihydrofolate_reductase|DFRA,Drugs,Trimethoprim,Dihydrofolate_reductase,DFRA
MEG_7134|Drugs|Tetracyclines|Tetracycline_resistance_ribosomal_protection_proteins|TETM,Drugs,Tetracyclines,Tetracycline_resistance_ribosomal_protection_proteins,TETM
MEG_1854|Drugs|betalactams|Class_C_betalactamases|CMY,Drugs,betalactams,Class_C_betalactamases,CMY
MEG_1891|Drugs|betalactams|Class_C_betalactamases|CMY,Drugs,betalactams,Class_C_betalactamases,CMY
MEG_1992|Drugs|betalactams|Class_C_betalactamases|CMY,Drugs,betalactams,Class_C_betalactamases,CMY
MEG_1792|Drugs|betalactams|Class_C_betalactamases|CMY,Drugs,betalactams,Class_C_betalactamases,CMY
MEG_142|Drugs|Aminoglycosides|Aminoglycoside_N-acetyltransferases|AAC6-PRIME,Drugs,Aminoglycosides,Aminoglycoside_N-acetyltransferases,AAC6-PRIME
MEG_4796|Drugs|betalactams|Class_D_betalactamases|OXA,Drugs,betalactams,Class_D_betalactamases,OXA
MEG_1860|Drugs|betalactams|Class_C_betalactamases|CMY,Drugs,betalactams,Class_C_betalactamases,CMY
MEG_86|Drugs|Aminoglycosides|Aminoglycoside_N-acetyltransferases|AAC6-PRIME,Drugs,Aminoglycosides,Aminoglycoside_N-acetyltransferases,AAC6-PRIME
MEG_7104|Drugs|Tetracyclines|Tetracycline_resistance_ribosomal_protection_proteins|TETM,Drugs,Tetracyclines,Tetracycline_resistance_ribosomal_protection_proteins,TETM
MEG_1401|Drugs|betalactams|Class_A_betalactamases|BLAZ,Drugs,betalactams,Class_A_betalactamases,BLAZ
MEG_6607|Drugs|Sulfonamides|Sulfonamide-resistant_dihydropteroate_synthases|SULI,Drugs,Sulfonamides,Sulfonamide-resistant_dihydropteroate_synthases,SULI
MEG_3787|Drugs|betalactams|Penicillin_binding_protein|MECA,Drugs,betalactams,Penicillin_binding_protein,MECA
MEG_1797|Drugs|betalactams|Class_C_betalactamases|CMY,Drugs,betalactams,Class_C_betalactamases,CMY
MEG_279|Drugs|Aminoglycosides|Aminoglycoside_N-acetyltransferases|AAC6-PRIME,Drugs,Aminoglycosides,Aminoglycoside_N-acetyltransferases,AAC6-PRIME
MEG_1876|Drugs|betalactams|Class_C_betalactamases|CMY,Drugs,betalactams,Class_C_betalactamases,CMY
MEG_1429|Drugs|betalactams|Class_A_betalactamases|BLAZ,Drugs,betalactams,Class_A_betalactamases,BLAZ
MEG_3374|Drugs|betalactams|Class_B_betalactamases|IMP,Drugs,betalactams,Class_B_betalactamases,IMP
MEG_1839|Drugs|betalactams|Class_C_betalactamases|CMY,Drugs,betalactams,Class_C_betalactamases,CMY
MEG_3786|Drugs|betalactams|Penicillin_binding_protein|MECA,Drugs,betalactams,Penicillin_binding_protein,MECA
MEG_1920|Drugs|betalactams|Class_C_betalactamases|CMY,Drugs,betalactams,Class_C_betalactamases,CMY
MEG_4600|Drugs|betalactams|Class_D_betalactamases|OXA,Drugs,betalactams,Class_D_betalactamases,OXA
MEG_7135|Drugs|Tetracyclines|Tetracycline_resistance_ribosomal_protection_proteins|TETM,Drugs,Tetracyclines,Tetracycline_resistance_ribosomal_protection_proteins,TETM
MEG_1420|Drugs|betalactams|Class_A_betalactamases|BLAZ,Drugs,betalactams,Class_A_betalactamases,BLAZ
MEG_2789|Drugs|MLS|23S_rRNA_methyltransferases|ERMB,Drugs,MLS,23S_rRNA_methyltransferases,ERMB
MEG_7122|Drugs|Tetracyclines|Tetracycline_resistance_ribosomal_protection_proteins|TETM,Drugs,Tetracyclines,Tetracycline_resistance_ribosomal_protection_proteins,TETM
MEG_3783|Drugs|betalactams|Penicillin_binding_protein|MECA,Drugs,betalactams,Penicillin_binding_protein,MECA
MEG_1827|Drugs|betalactams|Class_C_betalactamases|CMY,Drugs,betalactams,Class_C_betalactamases,CMY
MEG_1404|Drugs|betalactams|Class_A_betalactamases|BLAZ,Drugs,betalactams,Class_A_betalactamases,BLAZ
MEG_6584|Drugs|Sulfonamides|Sulfonamide-resistant_dihydropteroate_synthases|SULI,Drugs,Sulfonamides,Sulfonamide-resistant_dihydropteroate_synthases,SULI
MEG_6597|Drugs|Sulfonamides|Sulfonamide-resistant_dihydropteroate_synthases|SULI,Drugs,Sulfonamides,Sulfonamide-resistant_dihydropteroate_synthases,SULI
MEG_7143|Drugs|Tetracyclines|Tetracycline_resistance_ribosomal_protection_proteins|TETM,Drugs,Tetracyclines,Tetracycline_resistance_ribosomal_protection_proteins,TETM
MEG_2788|Drugs|MLS|23S_rRNA_methyltransferases|ERMB,Drugs,MLS,23S_rRNA_methyltransferases,ERMB
MEG_4413|Drugs|betalactams|Class_D_betalactamases|OXA,Drugs,betalactams,Class_D_betalactamases,OXA
MEG_6890|Drugs|betalactams|Class_A_betalactamases|TEM,Drugs,betalactams,Class_A_betalactamases,TEM
MEG_3794|Drugs|betalactams|Penicillin_binding_protein|MECA,Drugs,betalactams,Penicillin_binding_protein,MECA
MEG_2807|Drugs|MLS|23S_rRNA_methyltransferases|ERMB,Drugs,MLS,23S_rRNA_methyltransferases,ERMB
MEG_6581|Drugs|Sulfonamides|Sulfonamide-resistant_dihydropteroate_synthases|SULI,Drugs,Sulfonamides,Sulfonamide-resistant_dihydropteroate_synthases,SULI
MEG_7113|Drugs|Tetracyclines|Tetracycline_resistance_ribosomal_protection_proteins|TETM,Drugs,Tetracyclines,Tetracycline_resistance_ribosomal_protection_proteins,TETM
MEG_1350|Drugs|betalactams|Class_A_betalactamases|BLAZ,Drugs,betalactams,Class_A_betalactamases,BLAZ
MEG_1377|Drugs|betalactams|Class_A_betalactamases|BLAZ,Drugs,betalactams,Class_A_betalactamases,BLAZ
MEG_5208|Drugs|betalactams|Class_D_betalactamases|OXA,Drugs,betalactams,Class_D_betalactamases,OXA
MEG_361|Drugs|Aminoglycosides|Aminoglycoside_N-acetyltransferases|AAC6-PRIME,Drugs,Aminoglycosides,Aminoglycoside_N-acetyltransferases,AAC6-PRIME
MEG_1399|Drugs|betalactams|Class_A_betalactamases|BLAZ,Drugs,betalactams,Class_A_betalactamases,BLAZ
MEG_2796|Drugs|MLS|23S_rRNA_methyltransferases|ERMB,Drugs,MLS,23S_rRNA_methyltransferases,ERMB
MEG_6891|Drugs|betalactams|Class_A_betalactamases|TEM,Drugs,betalactams,Class_A_betalactamases,TEM
MEG_1874|Drugs|betalactams|Class_C_betalactamases|CMY,Drugs,betalactams,Class_C_betalactamases,CMY
MEG_1438|Drugs|betalactams|Class_A_betalactamases|BLAZ,Drugs,betalactams,Class_A_betalactamases,BLAZ
MEG_6604|Drugs|Sulfonamides|Sulfonamide-resistant_dihydropteroate_synthases|SULI,Drugs,Sulfonamides,Sulfonamide-resistant_dihydropteroate_synthases,SULI
MEG_1400|Drugs|betalactams|Class_A_betalactamases|BLAZ,Drugs,betalactams,Class_A_betalactamases,BLAZ
MEG_2484|Drugs|Trimethoprim|Dihydrofolate_reductase|DFRA,Drugs,Trimethoprim,Dihydrofolate_reductase,DFRA
MEG_1897|Drugs|betalactams|Class_C_betalactamases|CMY,Drugs,betalactams,Class_C_betalactamases,CMY
MEG_349|Drugs|Aminoglycosides|Aminoglycoside_N-acetyltransferases|AAC6-PRIME,Drugs,Aminoglycosides,Aminoglycoside_N-acetyltransferases,AAC6-PRIME
MEG_1407|Drugs|betalactams|Class_A_betalactamases|BLAZ,Drugs,betalactams,Class_A_betalactamases,BLAZ
MEG_1376|Drugs|betalactams|Class_A_betalactamases|BLAZ,Drugs,betalactams,Class_A_betalactamases,BLAZ
MEG_2501|Drugs|Trimethoprim|Dihydrofolate_reductase|DFRA,Drugs,Trimethoprim,Dihydrofolate_reductase,DFRA
MEG_1346|Drugs|betalactams|Class_A_betalactamases|BLAZ,Drugs,betalactams,Class_A_betalactamases,BLAZ
MEG_7679|Drugs|Multi-drug_resistance|Multi-drug_ABC_efflux_pumps|VGA,Drugs,Multi-drug_resistance,Multi-drug_ABC_efflux_pumps,VGA
MEG_4774|Drugs|betalactams|Class_D_betalactamases|OXA,Drugs,betalactams,Class_D_betalactamases,OXA
MEG_1355|Drugs|betalactams|Class_A_betalactamases|BLAZ,Drugs,betalactams,Class_A_betalactamases,BLAZ
MEG_172|Drugs|Aminoglycosides|Aminoglycoside_N-acetyltransferases|AAC6-PRIME,Drugs,Aminoglycosides,Aminoglycoside_N-acetyltransferases,AAC6-PRIME
MEG_173|Drugs|Aminoglycosides|Aminoglycoside_N-acetyltransferases|AAC6-PRIME,Drugs,Aminoglycosides,Aminoglycoside_N-acetyltransferases,AAC6-PRIME
MEG_2527|Drugs|Trimethoprim|Dihydrofolate_reductase|DFRA,Drugs,Trimethoprim,Dihydrofolate_reductase,DFRA
MEG_7106|Drugs|Tetracyclines|Tetracycline_resistance_ribosomal_protection_proteins|TETM,Drugs,Tetracyclines,Tetracycline_resistance_ribosomal_protection_proteins,TETM
MEG_7132|Drugs|Tetracyclines|Tetracycline_resistance_ribosomal_protection_proteins|TETM,Drugs,Tetracyclines,Tetracycline_resistance_ribosomal_protection_proteins,TETM
MEG_6579|Drugs|Sulfonamides|Sulfonamide-resistant_dihydropteroate_synthases|SULI,Drugs,Sulfonamides,Sulfonamide-resistant_dihydropteroate_synthases,SULI
MEG_1328|Drugs|betalactams|Class_A_betalactamases|BLAZ,Drugs,betalactams,Class_A_betalactamases,BLAZ
MEG_6659|Drugs|betalactams|Class_A_betalactamases|TEM,Drugs,betalactams,Class_A_betalactamases,TEM
MEG_4773|Drugs|betalactams|Class_D_betalactamases|OXA,Drugs,betalactams,Class_D_betalactamases,OXA
MEG_4830|Drugs|betalactams|Class_D_betalactamases|OXA,Drugs,betalactams,Class_D_betalactamases,OXA
MEG_3709|Drugs|Lipopeptides|Colistin_phosphoethanolamine_transferase|MCR,Drugs,Lipopeptides,Colistin_phosphoethanolamine_transferase,MCR
MEG_5095|Drugs|betalactams|Class_D_betalactamases|OXA,Drugs,betalactams,Class_D_betalactamases,OXA
MEG_7118|Drugs|Tetracyclines|Tetracycline_resistance_ribosomal_protection_proteins|TETM,Drugs,Tetracyclines,Tetracycline_resistance_ribosomal_protection_proteins,TETM
MEG_4627|Drugs|betalactams|Class_D_betalactamases|OXA,Drugs,betalactams,Class_D_betalactamases,OXA
MEG_1861|Drugs|betalactams|Class_C_betalactamases|CMY,Drugs,betalactams,Class_C_betalactamases,CMY
MEG_1320|Drugs|betalactams|Class_A_betalactamases|BLAZ,Drugs,betalactams,Class_A_betalactamases,BLAZ
MEG_5060|Drugs|betalactams|Class_D_betalactamases|OXA,Drugs,betalactams,Class_D_betalactamases,OXA
MEG_2547|Drugs|Trimethoprim|Dihydrofolate_reductase|DFRA,Drugs,Trimethoprim,Dihydrofolate_reductase,DFRA
MEG_6877|Drugs|betalactams|Class_A_betalactamases|TEM,Drugs,betalactams,Class_A_betalactamases,TEM
MEG_3772|Drugs|betalactams|Penicillin_binding_protein|MECA,Drugs,betalactams,Penicillin_binding_protein,MECA
MEG_1325|Drugs|betalactams|Class_A_betalactamases|BLAZ,Drugs,betalactams,Class_A_betalactamases,BLAZ
MEG_7627|Drugs|MLS|Streptogramin_A_O-acetyltransferase|VATE,Drugs,MLS,Streptogramin_A_O-acetyltransferase,VATE
MEG_5146|Drugs|betalactams|Class_D_betalactamases|OXA,Drugs,betalactams,Class_D_betalactamases,OXA
MEG_1879|Drugs|betalactams|Class_C_betalactamases|CMY,Drugs,betalactams,Class_C_betalactamases,CMY
MEG_305|Drugs|Aminoglycosides|Aminoglycoside_N-acetyltransferases|AAC6-PRIME,Drugs,Aminoglycosides,Aminoglycoside_N-acetyltransferases,AAC6-PRIME
MEG_1409|Drugs|betalactams|Class_A_betalactamases|BLAZ,Drugs,betalactams,Class_A_betalactamases,BLAZ
MEG_171|Drugs|Aminoglycosides|Aminoglycoside_N-acetyltransferases|AAC6-PRIME,Drugs,Aminoglycosides,Aminoglycoside_N-acetyltransferases,AAC6-PRIME
MEG_1387|Drugs|betalactams|Class_A_betalactamases|BLAZ,Drugs,betalactams,Class_A_betalactamases,BLAZ
MEG_1944|Drugs|betalactams|Class_C_betalactamases|CMY,Drugs,betalactams,Class_C_betalactamases,CMY
MEG_2797|Drugs|MLS|23S_rRNA_methyltransferases|ERMB,Drugs,MLS,23S_rRNA_methyltransferases,ERMB
MEG_1352|Drugs|betalactams|Class_A_betalactamases|BLAZ,Drugs,betalactams,Class_A_betalactamases,BLAZ
MEG_1990|Drugs|betalactams|Class_C_betalactamases|CMY,Drugs,betalactams,Class_C_betalactamases,CMY
MEG_1838|Drugs|betalactams|Class_C_betalactamases|CMY,Drugs,betalactams,Class_C_betalactamases,CMY
MEG_2500|Drugs|Trimethoprim|Dihydrofolate_reductase|DFRA,Drugs,Trimethoprim,Dihydrofolate_reductase,DFRA
MEG_5915|Drugs|Fluoroquinolones|Quinolone_resistance_protein_Qnr|QNRB,Drugs,Fluoroquinolones,Quinolone_resistance_protein_Qnr,QNRB
MEG_1451|Drugs|betalactams|Class_A_betalactamases|BLAZ,Drugs,betalactams,Class_A_betalactamases,BLAZ
MEG_4843|Drugs|betalactams|Class_D_betalactamases|OXA,Drugs,betalactams,Class_D_betalactamases,OXA
MEG_1339|Drugs|betalactams|Class_A_betalactamases|BLAZ,Drugs,betalactams,Class_A_betalactamases,BLAZ
MEG_358|Drugs|Aminoglycosides|Aminoglycoside_N-acetyltransferases|AAC6-PRIME,Drugs,Aminoglycosides,Aminoglycoside_N-acetyltransferases,AAC6-PRIME
MEG_1953|Drugs|betalactams|Class_C_betalactamases|CMY,Drugs,betalactams,Class_C_betalactamases,CMY
MEG_7124|Drugs|Tetracyclines|Tetracycline_resistance_ribosomal_protection_proteins|TETM,Drugs,Tetracyclines,Tetracycline_resistance_ribosomal_protection_proteins,TETM
MEG_1680|Drugs|MLS|23S_rRNA_methyltransferases|CFR,Drugs,MLS,23S_rRNA_methyltransferases,CFR
MEG_1975|Drugs|betalactams|Class_C_betalactamases|CMY,Drugs,betalactams,Class_C_betalactamases,CMY
MEG_2378|Drugs|betalactams|Class_A_betalactamases|CTX,Drugs,betalactams,Class_A_betalactamases,CTX
MEG_78|Drugs|Aminoglycosides|Aminoglycoside_N-acetyltransferases|AAC6-PRIME,Drugs,Aminoglycosides,Aminoglycoside_N-acetyltransferases,AAC6-PRIME
MEG_3781|Drugs|betalactams|Penicillin_binding_protein|MECA,Drugs,betalactams,Penicillin_binding_protein,MECA
MEG_274|Drugs|Aminoglycosides|Aminoglycoside_N-acetyltransferases|AAC6-PRIME,Drugs,Aminoglycosides,Aminoglycoside_N-acetyltransferases,AAC6-PRIME
MEG_5062|Drugs|betalactams|Class_D_betalactamases|OXA,Drugs,betalactams,Class_D_betalactamases,OXA
MEG_4727|Drugs|betalactams|Class_D_betalactamases|OXA,Drugs,betalactams,Class_D_betalactamases,OXA
MEG_2517|Drugs|Trimethoprim|Dihydrofolate_reductase|DFRA,Drugs,Trimethoprim,Dihydrofolate_reductase,DFRA
MEG_7108|Drugs|Tetracyclines|Tetracycline_resistance_ribosomal_protection_proteins|TETM,Drugs,Tetracyclines,Tetracycline_resistance_ribosomal_protection_proteins,TETM
MEG_6600|Drugs|Sulfonamides|Sulfonamide-resistant_dihydropteroate_synthases|SULI,Drugs,Sulfonamides,Sulfonamide-resistant_dihydropteroate_synthases,SULI
MEG_1798|Drugs|betalactams|Class_C_betalactamases|CMY,Drugs,betalactams,Class_C_betalactamases,CMY
MEG_2522|Drugs|Trimethoprim|Dihydrofolate_reductase|DFRA,Drugs,Trimethoprim,Dihydrofolate_reductase,DFRA
MEG_2499|Drugs|Trimethoprim|Dihydrofolate_reductase|DFRA,Drugs,Trimethoprim,Dihydrofolate_reductase,DFRA
MEG_1913|Drugs|betalactams|Class_C_betalactamases|CMY,Drugs,betalactams,Class_C_betalactamases,CMY
MEG_1679|Drugs|MLS|23S_rRNA_methyltransferases|CFR,Drugs,MLS,23S_rRNA_methyltransferases,CFR
MEG_1426|Drugs|betalactams|Class_A_betalactamases|BLAZ,Drugs,betalactams,Class_A_betalactamases,BLAZ
MEG_1337|Drugs|betalactams|Class_A_betalactamases|BLAZ,Drugs,betalactams,Class_A_betalactamases,BLAZ
MEG_1427|Drugs|betalactams|Class_A_betalactamases|BLAZ,Drugs,betalactams,Class_A_betalactamases,BLAZ
MEG_5061|Drugs|betalactams|Class_D_betalactamases|OXA,Drugs,betalactams,Class_D_betalactamases,OXA
MEG_5934|Drugs|Fluoroquinolones|Quinolone_resistance_protein_Qnr|QNRB,Drugs,Fluoroquinolones,Quinolone_resistance_protein_Qnr,QNRB
MEG_2806|Drugs|MLS|23S_rRNA_methyltransferases|ERMB,Drugs,MLS,23S_rRNA_methyltransferases,ERMB
MEG_3711|Drugs|Lipopeptides|Colistin_phosphoethanolamine_transferase|MCR,Drugs,Lipopeptides,Colistin_phosphoethanolamine_transferase,MCR
MEG_4926|Drugs|betalactams|Class_D_betalactamases|OXA,Drugs,betalactams,Class_D_betalactamases,OXA
MEG_1330|Drugs|betalactams|Class_A_betalactamases|BLAZ,Drugs,betalactams,Class_A_betalactamases,BLAZ
MEG_1398|Drugs|betalactams|Class_A_betalactamases|BLAZ,Drugs,betalactams,Class_A_betalactamases,BLAZ
MEG_6614|Drugs|Sulfonamides|Sulfonamide-resistant_dihydropteroate_synthases|SULI,Drugs,Sulfonamides,Sulfonamide-resistant_dihydropteroate_synthases,SULI
MEG_6615|Drugs|Sulfonamides|Sulfonamide-resistant_dihydropteroate_synthases|SULI,Drugs,Sulfonamides,Sulfonamide-resistant_dihydropteroate_synthases,SULI
MEG_6595|Drugs|Sulfonamides|Sulfonamide-resistant_dihydropteroate_synthases|SULI,Drugs,Sulfonamides,Sulfonamide-resistant_dihydropteroate_synthases,SULI
MEG_304|Drugs|Aminoglycosides|Aminoglycoside_N-acetyltransferases|AAC6-PRIME,Drugs,Aminoglycosides,Aminoglycoside_N-acetyltransferases,AAC6-PRIME
MEG_84|Drugs|Aminoglycosides|Aminoglycoside_N-acetyltransferases|AAC6-PRIME,Drugs,Aminoglycosides,Aminoglycoside_N-acetyltransferases,AAC6-PRIME
MEG_7130|Drugs|Tetracyclines|Tetracycline_resistance_ribosomal_protection_proteins|TETM,Drugs,Tetracyclines,Tetracycline_resistance_ribosomal_protection_proteins,TETM
MEG_1396|Drugs|betalactams|Class_A_betalactamases|BLAZ,Drugs,betalactams,Class_A_betalactamases,BLAZ
MEG_4670|Drugs|betalactams|Class_D_betalactamases|OXA,Drugs,betalactams,Class_D_betalactamases,OXA
MEG_7681|Drugs|Multi-drug_resistance|Multi-drug_ABC_efflux_pumps|VGA,Drugs,Multi-drug_resistance,Multi-drug_ABC_efflux_pumps,VGA
MEG_7687|Drugs|Multi-drug_resistance|Multi-drug_ABC_efflux_pumps|VGA,Drugs,Multi-drug_resistance,Multi-drug_ABC_efflux_pumps,VGA
MEG_6605|Drugs|Sulfonamides|Sulfonamide-resistant_dihydropteroate_synthases|SULI,Drugs,Sulfonamides,Sulfonamide-resistant_dihydropteroate_synthases,SULI
MEG_5261|Drugs|betalactams|Class_D_betalactamases|OXA,Drugs,betalactams,Class_D_betalactamases,OXA
MEG_4794|Drugs|betalactams|Class_D_betalactamases|OXA,Drugs,betalactams,Class_D_betalactamases,OXA
MEG_4803|Drugs|betalactams|Class_D_betalactamases|OXA,Drugs,betalactams,Class_D_betalactamases,OXA
MEG_2805|Drugs|MLS|23S_rRNA_methyltransferases|ERMB,Drugs,MLS,23S_rRNA_methyltransferases,ERMB
MEG_4973|Drugs|betalactams|Class_D_betalactamases|OXA,Drugs,betalactams,Class_D_betalactamases,OXA
MEG_1397|Drugs|betalactams|Class_A_betalactamases|BLAZ,Drugs,betalactams,Class_A_betalactamases,BLAZ
MEG_1347|Drugs|betalactams|Class_A_betalactamases|BLAZ,Drugs,betalactams,Class_A_betalactamases,BLAZ
MEG_5254|Drugs|betalactams|Class_D_betalactamases|OXA,Drugs,betalactams,Class_D_betalactamases,OXA
MEG_7686|Drugs|Multi-drug_resistance|Multi-drug_ABC_efflux_pumps|VGA,Drugs,Multi-drug_resistance,Multi-drug_ABC_efflux_pumps,VGA
MEG_6580|Drugs|Sulfonamides|Sulfonamide-resistant_dihydropteroate_synthases|SULI,Drugs,Sulfonamides,Sulfonamide-resistant_dihydropteroate_synthases,SULI
MEG_6610|Drugs|Sulfonamides|Sulfonamide-resistant_dihydropteroate_synthases|SULI,Drugs,Sulfonamides,Sulfonamide-resistant_dihydropteroate_synthases,SULI
MEG_7683|Drugs|Multi-drug_resistance|Multi-drug_ABC_efflux_pumps|VGA,Drugs,Multi-drug_resistance,Multi-drug_ABC_efflux_pumps,VGA
MEG_1880|Drugs|betalactams|Class_C_betalactamases|CMY,Drugs,betalactams,Class_C_betalactamases,CMY
MEG_2553|Drugs|Trimethoprim|Dihydrofolate_reductase|DFRA,Drugs,Trimethoprim,Dihydrofolate_reductase,DFRA
MEG_7116|Drugs|Tetracyclines|Tetracycline_resistance_ribosomal_protection_proteins|TETM,Drugs,Tetracyclines,Tetracycline_resistance_ribosomal_protection_proteins,TETM
MEG_5988|Drugs|Fluoroquinolones|Quinolone_resistance_protein_Qnr|QNRB,Drugs,Fluoroquinolones,Quinolone_resistance_protein_Qnr,QNRB
MEG_6583|Drugs|Sulfonamides|Sulfonamide-resistant_dihydropteroate_synthases|SULI,Drugs,Sulfonamides,Sulfonamide-resistant_dihydropteroate_synthases,SULI
MEG_6601|Drugs|Sulfonamides|Sulfonamide-resistant_dihydropteroate_synthases|SULI,Drugs,Sulfonamides,Sulfonamide-resistant_dihydropteroate_synthases,SULI
MEG_1453|Drugs|betalactams|Class_A_betalactamases|BLAZ,Drugs,betalactams,Class_A_betalactamases,BLAZ
MEG_5259|Drugs|betalactams|Class_D_betalactamases|OXA,Drugs,betalactams,Class_D_betalactamases,OXA
MEG_2498|Drugs|Trimethoprim|Dihydrofolate_reductase|DFRA,Drugs,Trimethoprim,Dihydrofolate_reductase,DFRA
MEG_143|Drugs|Aminoglycosides|Aminoglycoside_N-acetyltransferases|AAC6-PRIME,Drugs,Aminoglycosides,Aminoglycoside_N-acetyltransferases,AAC6-PRIME
MEG_236|Drugs|Aminoglycosides|Aminoglycoside_N-acetyltransferases|AAC6-PRIME,Drugs,Aminoglycosides,Aminoglycoside_N-acetyltransferases,AAC6-PRIME
MEG_5977|Drugs|Fluoroquinolones|Quinolone_resistance_protein_Qnr|QNRB,Drugs,Fluoroquinolones,Quinolone_resistance_protein_Qnr,QNRB
MEG_6593|Drugs|Sulfonamides|Sulfonamide-resistant_dihydropteroate_synthases|SULI,Drugs,Sulfonamides,Sulfonamide-resistant_dihydropteroate_synthases,SULI
MEG_5207|Drugs|betalactams|Class_D_betalactamases|OXA,Drugs,betalactams,Class_D_betalactamases,OXA
MEG_1340|Drugs|betalactams|Class_A_betalactamases|BLAZ,Drugs,betalactams,Class_A_betalactamases,BLAZ
MEG_1793|Drugs|betalactams|Class_C_betalactamases|CMY,Drugs,betalactams,Class_C_betalactamases,CMY
MEG_7115|Drugs|Tetracyclines|Tetracycline_resistance_ribosomal_protection_proteins|TETM,Drugs,Tetracyclines,Tetracycline_resistance_ribosomal_protection_proteins,TETM
MEG_1868|Drugs|betalactams|Class_C_betalactamases|CMY,Drugs,betalactams,Class_C_betalactamases,CMY
MEG_6586|Drugs|Sulfonamides|Sulfonamide-resistant_dihydropteroate_synthases|SULI,Drugs,Sulfonamides,Sulfonamide-resistant_dihydropteroate_synthases,SULI
MEG_5032|Drugs|betalactams|Class_D_betalactamases|OXA,Drugs,betalactams,Class_D_betalactamases,OXA
MEG_1837|Drugs|betalactams|Class_C_betalactamases|CMY,Drugs,betalactams,Class_C_betalactamases,CMY
MEG_2802|Drugs|MLS|23S_rRNA_methyltransferases|ERMB,Drugs,MLS,23S_rRNA_methyltransferases,ERMB
MEG_1411|Drugs|betalactams|Class_A_betalactamases|BLAZ,Drugs,betalactams,Class_A_betalactamases,BLAZ
MEG_1820|Drugs|betalactams|Class_C_betalactamases|CMY,Drugs,betalactams,Class_C_betalactamases,CMY
MEG_1434|Drugs|betalactams|Class_A_betalactamases|BLAZ,Drugs,betalactams,Class_A_betalactamases,BLAZ
MEG_301|Drugs|Aminoglycosides|Aminoglycoside_N-acetyltransferases|AAC6-PRIME,Drugs,Aminoglycosides,Aminoglycoside_N-acetyltransferases,AAC6-PRIME
MEG_5016|Drugs|betalactams|Class_D_betalactamases|OXA,Drugs,betalactams,Class_D_betalactamases,OXA
MEG_4425|Drugs|betalactams|Class_D_betalactamases|OXA,Drugs,betalactams,Class_D_betalactamases,OXA
MEG_1996|Drugs|betalactams|Class_C_betalactamases|CMY,Drugs,betalactams,Class_C_betalactamases,CMY
MEG_1889|Drugs|betalactams|Class_C_betalactamases|CMY,Drugs,betalactams,Class_C_betalactamases,CMY
MEG_2524|Drugs|Trimethoprim|Dihydrofolate_reductase|DFRA,Drugs,Trimethoprim,Dihydrofolate_reductase,DFRA
MEG_352|Drugs|Aminoglycosides|Aminoglycoside_N-acetyltransferases|AAC6-PRIME,Drugs,Aminoglycosides,Aminoglycoside_N-acetyltransferases,AAC6-PRIME
MEG_4741|Drugs|betalactams|Class_D_betalactamases|OXA,Drugs,betalactams,Class_D_betalactamases,OXA
MEG_4776|Drugs|betalactams|Class_D_betalactamases|OXA,Drugs,betalactams,Class_D_betalactamases,OXA
MEG_3770|Drugs|betalactams|Penicillin_binding_protein|MECA,Drugs,betalactams,Penicillin_binding_protein,MECA
MEG_3784|Drugs|betalactams|Penicillin_binding_protein|MECA,Drugs,betalactams,Penicillin_binding_protein,MECA
MEG_1353|Drugs|betalactams|Class_A_betalactamases|BLAZ,Drugs,betalactams,Class_A_betalactamases,BLAZ
MEG_7685|Drugs|Multi-drug_resistance|Multi-drug_ABC_efflux_pumps|VGA,Drugs,Multi-drug_resistance,Multi-drug_ABC_efflux_pumps,VGA
MEG_6927|Drugs|betalactams|Class_A_betalactamases|TEM,Drugs,betalactams,Class_A_betalactamases,TEM
MEG_2793|Drugs|MLS|23S_rRNA_methyltransferases|ERMB,Drugs,MLS,23S_rRNA_methyltransferases,ERMB
MEG_4750|Drugs|betalactams|Class_D_betalactamases|OXA,Drugs,betalactams,Class_D_betalactamases,OXA
MEG_1899|Drugs|betalactams|Class_C_betalactamases|CMY,Drugs,betalactams,Class_C_betalactamases,CMY
MEG_1336|Drugs|betalactams|Class_A_betalactamases|BLAZ,Drugs,betalactams,Class_A_betalactamases,BLAZ
MEG_1872|Drugs|betalactams|Class_C_betalactamases|CMY,Drugs,betalactams,Class_C_betalactamases,CMY
MEG_1342|Drugs|betalactams|Class_A_betalactamases|BLAZ,Drugs,betalactams,Class_A_betalactamases,BLAZ
MEG_6611|Drugs|Sulfonamides|Sulfonamide-resistant_dihydropteroate_synthases|SULI,Drugs,Sulfonamides,Sulfonamide-resistant_dihydropteroate_synthases,SULI
MEG_1869|Drugs|betalactams|Class_C_betalactamases|CMY,Drugs,betalactams,Class_C_betalactamases,CMY
MEG_2435|Drugs|betalactams|Class_A_betalactamases|CTX,Drugs,betalactams,Class_A_betalactamases,CTX
MEG_87|Drugs|Aminoglycosides|Aminoglycoside_N-acetyltransferases|AAC6-PRIME,Drugs,Aminoglycosides,Aminoglycoside_N-acetyltransferases,AAC6-PRIME
MEG_2495|Drugs|Trimethoprim|Dihydrofolate_reductase|DFRA,Drugs,Trimethoprim,Dihydrofolate_reductase,DFRA
MEG_6674|Drugs|betalactams|Class_A_betalactamases|TEM,Drugs,betalactams,Class_A_betalactamases,TEM
MEG_1999|Drugs|betalactams|Class_C_betalactamases|CMY,Drugs,betalactams,Class_C_betalactamases,CMY
MEG_7145|Drugs|Tetracyclines|Tetracycline_resistance_ribosomal_protection_proteins|TETM,Drugs,Tetracyclines,Tetracycline_resistance_ribosomal_protection_proteins,TETM
MEG_3775|Drugs|betalactams|Penicillin_binding_protein|MECA,Drugs,betalactams,Penicillin_binding_protein,MECA
MEG_7109|Drugs|Tetracyclines|Tetracycline_resistance_ribosomal_protection_proteins|TETM,Drugs,Tetracyclines,Tetracycline_resistance_ribosomal_protection_proteins,TETM
MEG_1410|Drugs|betalactams|Class_A_betalactamases|BLAZ,Drugs,betalactams,Class_A_betalactamases,BLAZ
MEG_2001|Drugs|betalactams|Class_C_betalactamases|CMY,Drugs,betalactams,Class_C_betalactamases,CMY
MEG_2529|Drugs|Trimethoprim|Dihydrofolate_reductase|DFRA,Drugs,Trimethoprim,Dihydrofolate_reductase,DFRA
MEG_1392|Drugs|betalactams|Class_A_betalactamases|BLAZ,Drugs,betalactams,Class_A_betalactamases,BLAZ
MEG_7119|Drugs|Tetracyclines|Tetracycline_resistance_ribosomal_protection_proteins|TETM,Drugs,Tetracyclines,Tetracycline_resistance_ribosomal_protection_proteins,TETM
MEG_4828|Drugs|betalactams|Class_D_betalactamases|OXA,Drugs,betalactams,Class_D_betalactamases,OXA
MEG_7626|Drugs|MLS|Streptogramin_A_O-acetyltransferase|VATE,Drugs,MLS,Streptogramin_A_O-acetyltransferase,VATE
MEG_3774|Drugs|betalactams|Penicillin_binding_protein|MECA,Drugs,betalactams,Penicillin_binding_protein,MECA
MEG_3712|Drugs|Lipopeptides|Colistin_phosphoethanolamine_transferase|MCR,Drugs,Lipopeptides,Colistin_phosphoethanolamine_transferase,MCR
MEG_1441|Drugs|betalactams|Class_A_betalactamases|BLAZ,Drugs,betalactams,Class_A_betalactamases,BLAZ
MEG_1930|Drugs|betalactams|Class_C_betalactamases|CMY,Drugs,betalactams,Class_C_betalactamases,CMY
MEG_2543|Drugs|Trimethoprim|Dihydrofolate_reductase|DFRA,Drugs,Trimethoprim,Dihydrofolate_reductase,DFRA
MEG_4809|Drugs|betalactams|Class_D_betalactamases|OXA,Drugs,betalactams,Class_D_betalactamases,OXA
MEG_7139|Drugs|Tetracyclines|Tetracycline_resistance_ribosomal_protection_proteins|TETM,Drugs,Tetracyclines,Tetracycline_resistance_ribosomal_protection_proteins,TETM
MEG_1393|Drugs|betalactams|Class_A_betalactamases|BLAZ,Drugs,betalactams,Class_A_betalactamases,BLAZ
MEG_1443|Drugs|betalactams|Class_A_betalactamases|BLAZ,Drugs,betalactams,Class_A_betalactamases,BLAZ
MEG_1362|Drugs|betalactams|Class_A_betalactamases|BLAZ,Drugs,betalactams,Class_A_betalactamases,BLAZ
MEG_6863|Drugs|betalactams|Class_A_betalactamases|TEM,Drugs,betalactams,Class_A_betalactamases,TEM
MEG_1892|Drugs|betalactams|Class_C_betalactamases|CMY,Drugs,betalactams,Class_C_betalactamases,CMY
MEG_6591|Drugs|Sulfonamides|Sulfonamide-resistant_dihydropteroate_synthases|SULI,Drugs,Sulfonamides,Sulfonamide-resistant_dihydropteroate_synthases,SULI
MEG_2792|Drugs|MLS|23S_rRNA_methyltransferases|ERMB,Drugs,MLS,23S_rRNA_methyltransferases,ERMB
MEG_1440|Drugs|betalactams|Class_A_betalactamases|BLAZ,Drugs,betalactams,Class_A_betalactamases,BLAZ
MEG_6592|Drugs|Sulfonamides|Sulfonamide-resistant_dihydropteroate_synthases|SULI,Drugs,Sulfonamides,Sulfonamide-resistant_dihydropteroate_synthases,SULI
MEG_4919|Drugs|betalactams|Class_D_betalactamases|OXA,Drugs,betalactams,Class_D_betalactamases,OXA
MEG_2496|Drugs|Trimethoprim|Dihydrofolate_reductase|DFRA,Drugs,Trimethoprim,Dihydrofolate_reductase,DFRA
MEG_5209|Drugs|betalactams|Class_D_betalactamases|OXA,Drugs,betalactams,Class_D_betalactamases,OXA
MEG_4729|Drugs|betalactams|Class_D_betalactamases|OXA,Drugs,betalactams,Class_D_betalactamases,OXA
MEG_7111|Drugs|Tetracyclines|Tetracycline_resistance_ribosomal_protection_proteins|TETM,Drugs,Tetracyclines,Tetracycline_resistance_ribosomal_protection_proteins,TETM
MEG_1829|Drugs|betalactams|Class_C_betalactamases|CMY,Drugs,betalactams,Class_C_betalactamases,CMY
MEG_1946|Drugs|betalactams|Class_C_betalactamases|CMY,Drugs,betalactams,Class_C_betalactamases,CMY
MEG_5046|Drugs|betalactams|Class_D_betalactamases|OXA,Drugs,betalactams,Class_D_betalactamases,OXA
MEG_4889|Drugs|betalactams|Class_D_betalactamases|OXA,Drugs,betalactams,Class_D_betalactamases,OXA
MEG_1815|Drugs|betalactams|Class_C_betalactamases|CMY,Drugs,betalactams,Class_C_betalactamases,CMY
MEG_1408|Drugs|betalactams|Class_A_betalactamases|BLAZ,Drugs,betalactams,Class_A_betalactamases,BLAZ
MEG_2497|Drugs|Trimethoprim|Dihydrofolate_reductase|DFRA,Drugs,Trimethoprim,Dihydrofolate_reductase,DFRA
MEG_324|Drugs|Aminoglycosides|Aminoglycoside_N-acetyltransferases|AAC6-PRIME,Drugs,Aminoglycosides,Aminoglycoside_N-acetyltransferases,AAC6-PRIME
MEG_1978|Drugs|betalactams|Class_C_betalactamases|CMY,Drugs,betalactams,Class_C_betalactamases,CMY
MEG_212|Drugs|Aminoglycosides|Aminoglycoside_N-acetyltransferases|AAC6-PRIME,Drugs,Aminoglycosides,Aminoglycoside_N-acetyltransferases,AAC6-PRIME
MEG_7127|Drugs|Tetracyclines|Tetracycline_resistance_ribosomal_protection_proteins|TETM,Drugs,Tetracyclines,Tetracycline_resistance_ribosomal_protection_proteins,TETM
MEG_7105|Drugs|Tetracyclines|Tetracycline_resistance_ribosomal_protection_proteins|TETM,Drugs,Tetracyclines,Tetracycline_resistance_ribosomal_protection_proteins,TETM
MEG_368|Drugs|Aminoglycosides|Aminoglycoside_N-acetyltransferases|AAC6-PRIME,Drugs,Aminoglycosides,Aminoglycoside_N-acetyltransferases,AAC6-PRIME
MEG_1878|Drugs|betalactams|Class_C_betalactamases|CMY,Drugs,betalactams,Class_C_betalactamases,CMY
MEG_1888|Drugs|betalactams|Class_C_betalactamases|CMY,Drugs,betalactams,Class_C_betalactamases,CMY
MEG_1321|Drugs|betalactams|Class_A_betalactamases|BLAZ,Drugs,betalactams,Class_A_betalactamases,BLAZ
MEG_4424|Drugs|betalactams|Class_D_betalactamases|OXA,Drugs,betalactams,Class_D_betalactamases,OXA
MEG_1403|Drugs|betalactams|Class_A_betalactamases|BLAZ,Drugs,betalactams,Class_A_betalactamases,BLAZ
MEG_2546|Drugs|Trimethoprim|Dihydrofolate_reductase|DFRA,Drugs,Trimethoprim,Dihydrofolate_reductase,DFRA
MEG_1348|Drugs|betalactams|Class_A_betalactamases|BLAZ,Drugs,betalactams,Class_A_betalactamases,BLAZ
MEG_1858|Drugs|betalactams|Class_C_betalactamases|CMY,Drugs,betalactams,Class_C_betalactamases,CMY
MEG_1455|Drugs|betalactams|Class_A_betalactamases|BLAZ,Drugs,betalactams,Class_A_betalactamases,BLAZ
MEG_5255|Drugs|betalactams|Class_D_betalactamases|OXA,Drugs,betalactams,Class_D_betalactamases,OXA
MEG_2798|Drugs|MLS|23S_rRNA_methyltransferases|ERMB,Drugs,MLS,23S_rRNA_methyltransferases,ERMB
MEG_2525|Drugs|Trimethoprim|Dihydrofolate_reductase|DFRA,Drugs,Trimethoprim,Dihydrofolate_reductase,DFRA
MEG_6931|Drugs|betalactams|Class_A_betalactamases|TEM,Drugs,betalactams,Class_A_betalactamases,TEM
MEG_7120|Drugs|Tetracyclines|Tetracycline_resistance_ribosomal_protection_proteins|TETM,Drugs,Tetracyclines,Tetracycline_resistance_ribosomal_protection_proteins,TETM
MEG_4411|Drugs|betalactams|Class_D_betalactamases|OXA,Drugs,betalactams,Class_D_betalactamases,OXA
MEG_2790|Drugs|MLS|23S_rRNA_methyltransferases|ERMB,Drugs,MLS,23S_rRNA_methyltransferases,ERMB
MEG_127|Drugs|Aminoglycosides|Aminoglycoside_N-acetyltransferases|AAC6-PRIME,Drugs,Aminoglycosides,Aminoglycoside_N-acetyltransferases,AAC6-PRIME
MEG_2487|Drugs|Trimethoprim|Dihydrofolate_reductase|DFRA,Drugs,Trimethoprim,Dihydrofolate_reductase,DFRA
MEG_4985|Drugs|betalactams|Class_D_betalactamases|OXA,Drugs,betalactams,Class_D_betalactamases,OXA
MEG_7677|Drugs|Multi-drug_resistance|Multi-drug_ABC_efflux_pumps|VGA,Drugs,Multi-drug_resistance,Multi-drug_ABC_efflux_pumps,VGA
MEG_1413|Drugs|betalactams|Class_A_betalactamases|BLAZ,Drugs,betalactams,Class_A_betalactamases,BLAZ
MEG_1919|Drugs|betalactams|Class_C_betalactamases|CMY,Drugs,betalactams,Class_C_betalactamases,CMY
MEG_1386|Drugs|betalactams|Class_A_betalactamases|BLAZ,Drugs,betalactams,Class_A_betalactamases,BLAZ
MEG_1826|Drugs|betalactams|Class_C_betalactamases|CMY,Drugs,betalactams,Class_C_betalactamases,CMY
MEG_1979|Drugs|betalactams|Class_C_betalactamases|CMY,Drugs,betalactams,Class_C_betalactamases,CMY
MEG_158|Drugs|Aminoglycosides|Aminoglycoside_N-acetyltransferases|AAC6-PRIME,Drugs,Aminoglycosides,Aminoglycoside_N-acetyltransferases,AAC6-PRIME
MEG_1388|Drugs|betalactams|Class_A_betalactamases|BLAZ,Drugs,betalactams,Class_A_betalactamases,BLAZ
MEG_3780|Drugs|betalactams|Penicillin_binding_protein|MECA,Drugs,betalactams,Penicillin_binding_protein,MECA
MEG_2800|Drugs|MLS|23S_rRNA_methyltransferases|ERMB,Drugs,MLS,23S_rRNA_methyltransferases,ERMB
MEG_4980|Drugs|betalactams|Class_D_betalactamases|OXA,Drugs,betalactams,Class_D_betalactamases,OXA
MEG_6598|Drugs|Sulfonamides|Sulfonamide-resistant_dihydropteroate_synthases|SULI,Drugs,Sulfonamides,Sulfonamide-resistant_dihydropteroate_synthases,SULI
MEG_4679|Drugs|betalactams|Class_D_betalactamases|OXA,Drugs,betalactams,Class_D_betalactamases,OXA
MEG_2799|Drugs|MLS|23S_rRNA_methyltransferases|ERMB,Drugs,MLS,23S_rRNA_methyltransferases,ERMB
MEG_4960|Drugs|betalactams|Class_D_betalactamases|OXA,Drugs,betalactams,Class_D_betalactamases,OXA
MEG_1887|Drugs|betalactams|Class_C_betalactamases|CMY,Drugs,betalactams,Class_C_betalactamases,CMY
MEG_7125|Drugs|Tetracyclines|Tetracycline_resistance_ribosomal_protection_proteins|TETM,Drugs,Tetracyclines,Tetracycline_resistance_ribosomal_protection_proteins,TETM
MEG_300|Drugs|Aminoglycosides|Aminoglycoside_N-acetyltransferases|AAC6-PRIME,Drugs,Aminoglycosides,Aminoglycoside_N-acetyltransferases,AAC6-PRIME
MEG_1442|Drugs|betalactams|Class_A_betalactamases|BLAZ,Drugs,betalactams,Class_A_betalactamases,BLAZ
MEG_4427|Drugs|betalactams|Class_D_betalactamases|OXA,Drugs,betalactams,Class_D_betalactamases,OXA
MEG_3666|Drugs|Lipopeptides|Colistin_phosphoethanolamine_transferase|MCR,Drugs,Lipopeptides,Colistin_phosphoethanolamine_transferase,MCR
MEG_3131|Drugs|betalactams|Class_A_betalactamases|GES,Drugs,betalactams,Class_A_betalactamases,GES
MEG_232|Drugs|Aminoglycosides|Aminoglycoside_N-acetyltransferases|AAC6-PRIME,Drugs,Aminoglycosides,Aminoglycoside_N-acetyltransferases,AAC6-PRIME
MEG_1823|Drugs|betalactams|Class_C_betalactamases|CMY,Drugs,betalactams,Class_C_betalactamases,CMY
MEG_1871|Drugs|betalactams|Class_C_betalactamases|CMY,Drugs,betalactams,Class_C_betalactamases,CMY
MEG_4840|Drugs|betalactams|Class_D_betalactamases|OXA,Drugs,betalactams,Class_D_betalactamases,OXA
MEG_1974|Drugs|betalactams|Class_C_betalactamases|CMY,Drugs,betalactams,Class_C_betalactamases,CMY
MEG_7148|Drugs|Tetracyclines|Tetracycline_resistance_ribosomal_protection_proteins|TETM,Drugs,Tetracyclines,Tetracycline_resistance_ribosomal_protection_proteins,TETM
MEG_7682|Drugs|Multi-drug_resistance|Multi-drug_ABC_efflux_pumps|VGA,Drugs,Multi-drug_resistance,Multi-drug_ABC_efflux_pumps,VGA
MEG_1349|Drugs|betalactams|Class_A_betalactamases|BLAZ,Drugs,betalactams,Class_A_betalactamases,BLAZ
MEG_4806|Drugs|betalactams|Class_D_betalactamases|OXA,Drugs,betalactams,Class_D_betalactamases,OXA
MEG_3776|Drugs|betalactams|Penicillin_binding_protein|MECA,Drugs,betalactams,Penicillin_binding_protein,MECA
MEG_1875|Drugs|betalactams|Class_C_betalactamases|CMY,Drugs,betalactams,Class_C_betalactamases,CMY
MEG_2493|Drugs|Trimethoprim|Dihydrofolate_reductase|DFRA,Drugs,Trimethoprim,Dihydrofolate_reductase,DFRA
MEG_303|Drugs|Aminoglycosides|Aminoglycoside_N-acetyltransferases|AAC6-PRIME,Drugs,Aminoglycosides,Aminoglycoside_N-acetyltransferases,AAC6-PRIME
MEG_1390|Drugs|betalactams|Class_A_betalactamases|BLAZ,Drugs,betalactams,Class_A_betalactamases,BLAZ
MEG_1822|Drugs|betalactams|Class_C_betalactamases|CMY,Drugs,betalactams,Class_C_betalactamases,CMY
MEG_1866|Drugs|betalactams|Class_C_betalactamases|CMY,Drugs,betalactams,Class_C_betalactamases,CMY
MEG_3779|Drugs|betalactams|Penicillin_binding_protein|MECA,Drugs,betalactams,Penicillin_binding_protein,MECA
MEG_7628|Drugs|MLS|Streptogramin_A_O-acetyltransferase|VATE,Drugs,MLS,Streptogramin_A_O-acetyltransferase,VATE
MEG_7598|Drugs|Glycopeptides|VanD-type_accessory_protein|VANYB,Drugs,Glycopeptides,VanD-type_accessory_protein,VANYB
MEG_1983|Drugs|betalactams|Class_C_betalactamases|CMY,Drugs,betalactams,Class_C_betalactamases,CMY
MEG_6606|Drugs|Sulfonamides|Sulfonamide-resistant_dihydropteroate_synthases|SULI,Drugs,Sulfonamides,Sulfonamide-resistant_dihydropteroate_synthases,SULI
MEG_3710|Drugs|Lipopeptides|Colistin_phosphoethanolamine_transferase|MCR,Drugs,Lipopeptides,Colistin_phosphoethanolamine_transferase,MCR
MEG_1439|Drugs|betalactams|Class_A_betalactamases|BLAZ,Drugs,betalactams,Class_A_betalactamases,BLAZ
MEG_7680|Drugs|Multi-drug_resistance|Multi-drug_ABC_efflux_pumps|VGA,Drugs,Multi-drug_resistance,Multi-drug_ABC_efflux_pumps,VGA
MEG_2430|Drugs|betalactams|Class_A_betalactamases|CTX,Drugs,betalactams,Class_A_betalactamases,CTX
MEG_4799|Drugs|betalactams|Class_D_betalactamases|OXA,Drugs,betalactams,Class_D_betalactamases,OXA
MEG_1865|Drugs|betalactams|Class_C_betalactamases|CMY,Drugs,betalactams,Class_C_betalactamases,CMY
MEG_7107|Drugs|Tetracyclines|Tetracycline_resistance_ribosomal_protection_proteins|TETM,Drugs,Tetracyclines,Tetracycline_resistance_ribosomal_protection_proteins,TETM
MEG_1421|Drugs|betalactams|Class_A_betalactamases|BLAZ,Drugs,betalactams,Class_A_betalactamases,BLAZ
MEG_253|Drugs|Aminoglycosides|Aminoglycoside_N-acetyltransferases|AAC6-PRIME,Drugs,Aminoglycosides,Aminoglycoside_N-acetyltransferases,AAC6-PRIME
MEG_5214|Drugs|betalactams|Class_D_betalactamases|OXA,Drugs,betalactams,Class_D_betalactamases,OXA
MEG_271|Drugs|Aminoglycosides|Aminoglycoside_N-acetyltransferases|AAC6-PRIME,Drugs,Aminoglycosides,Aminoglycoside_N-acetyltransferases,AAC6-PRIME
MEG_2803|Drugs|MLS|23S_rRNA_methyltransferases|ERMB,Drugs,MLS,23S_rRNA_methyltransferases,ERMB
MEG_139|Drugs|Aminoglycosides|Aminoglycoside_N-acetyltransferases|AAC6-PRIME,Drugs,Aminoglycosides,Aminoglycoside_N-acetyltransferases,AAC6-PRIME
MEG_213|Drugs|Aminoglycosides|Aminoglycoside_N-acetyltransferases|AAC6-PRIME,Drugs,Aminoglycosides,Aminoglycoside_N-acetyltransferases,AAC6-PRIME
MEG_3790|Drugs|betalactams|Penicillin_binding_protein|MECA,Drugs,betalactams,Penicillin_binding_protein,MECA
MEG_4426|Drugs|betalactams|Class_D_betalactamases|OXA,Drugs,betalactams,Class_D_betalactamases,OXA
MEG_1830|Drugs|betalactams|Class_C_betalactamases|CMY,Drugs,betalactams,Class_C_betalactamases,CMY
MEG_3777|Drugs|betalactams|Penicillin_binding_protein|MECA,Drugs,betalactams,Penicillin_binding_protein,MECA
MEG_7629|Drugs|MLS|Streptogramin_A_O-acetyltransferase|VATE,Drugs,MLS,Streptogramin_A_O-acetyltransferase,VATE
MEG_1821|Drugs|betalactams|Class_C_betalactamases|CMY,Drugs,betalactams,Class_C_betalactamases,CMY
MEG_1354|Drugs|betalactams|Class_A_betalactamases|BLAZ,Drugs,betalactams,Class_A_betalactamases,BLAZ
MEG_1824|Drugs|betalactams|Class_C_betalactamases|CMY,Drugs,betalactams,Class_C_betalactamases,CMY
MEG_4932|Drugs|betalactams|Class_D_betalactamases|OXA,Drugs,betalactams,Class_D_betalactamases,OXA
MEG_1394|Drugs|betalactams|Class_A_betalactamases|BLAZ,Drugs,betalactams,Class_A_betalactamases,BLAZ
MEG_275|Drugs|Aminoglycosides|Aminoglycoside_N-acetyltransferases|AAC6-PRIME,Drugs,Aminoglycosides,Aminoglycoside_N-acetyltransferases,AAC6-PRIME
MEG_153|Drugs|Aminoglycosides|Aminoglycoside_N-acetyltransferases|AAC6-PRIME,Drugs,Aminoglycosides,Aminoglycoside_N-acetyltransferases,AAC6-PRIME
MEG_1402|Drugs|betalactams|Class_A_betalactamases|BLAZ,Drugs,betalactams,Class_A_betalactamases,BLAZ
MEG_1817|Drugs|betalactams|Class_C_betalactamases|CMY,Drugs,betalactams,Class_C_betalactamases,CMY
MEG_1816|Drugs|betalactams|Class_C_betalactamases|CMY,Drugs,betalactams,Class_C_betalactamases,CMY
MEG_3785|Drugs|betalactams|Penicillin_binding_protein|MECA,Drugs,betalactams,Penicillin_binding_protein,MECA
MEG_4728|Drugs|betalactams|Class_D_betalactamases|OXA,Drugs,betalactams,Class_D_betalactamases,OXA
MEG_1341|Drugs|betalactams|Class_A_betalactamases|BLAZ,Drugs,betalactams,Class_A_betalactamases,BLAZ
MEG_7126|Drugs|Tetracyclines|Tetracycline_resistance_ribosomal_protection_proteins|TETM,Drugs,Tetracyclines,Tetracycline_resistance_ribosomal_protection_proteins,TETM
MEG_2804|Drugs|MLS|23S_rRNA_methyltransferases|ERMB,Drugs,MLS,23S_rRNA_methyltransferases,ERMB
MEG_1840|Drugs|betalactams|Class_C_betalactamases|CMY,Drugs,betalactams,Class_C_betalactamases,CMY
MEG_2528|Drugs|Trimethoprim|Dihydrofolate_reductase|DFRA,Drugs,Trimethoprim,Dihydrofolate_reductase,DFRA
MEG_75|Drugs|Aminoglycosides|Aminoglycoside_N-acetyltransferases|AAC6-PRIME,Drugs,Aminoglycosides,Aminoglycoside_N-acetyltransferases,AAC6-PRIME
MEG_4409|Drugs|betalactams|Class_D_betalactamases|OXA,Drugs,betalactams,Class_D_betalactamases,OXA
MEG_5160|Drugs|betalactams|Class_D_betalactamases|OXA,Drugs,betalactams,Class_D_betalactamases,OXA
MEG_1980|Drugs|betalactams|Class_C_betalactamases|CMY,Drugs,betalactams,Class_C_betalactamases,CMY
MEG_7117|Drugs|Tetracyclines|Tetracycline_resistance_ribosomal_protection_proteins|TETM,Drugs,Tetracyclines,Tetracycline_resistance_ribosomal_protection_proteins,TETM
MEG_1952|Drugs|betalactams|Class_C_betalactamases|CMY,Drugs,betalactams,Class_C_betalactamases,CMY
MEG_360|Drugs|Aminoglycosides|Aminoglycoside_N-acetyltransferases|AAC6-PRIME,Drugs,Aminoglycosides,Aminoglycoside_N-acetyltransferases,AAC6-PRIME
MEG_1857|Drugs|betalactams|Class_C_betalactamases|CMY,Drugs,betalactams,Class_C_betalactamases,CMY
MEG_1989|Drugs|betalactams|Class_C_betalactamases|CMY,Drugs,betalactams,Class_C_betalactamases,CMY
MEG_4678|Drugs|betalactams|Class_D_betalactamases|OXA,Drugs,betalactams,Class_D_betalactamases,OXA
MEG_1433|Drugs|betalactams|Class_A_betalactamases|BLAZ,Drugs,betalactams,Class_A_betalactamases,BLAZ
MEG_6588|Drugs|Sulfonamides|Sulfonamide-resistant_dihydropteroate_synthases|SULI,Drugs,Sulfonamides,Sulfonamide-resistant_dihydropteroate_synthases,SULI
MEG_1864|Drugs|betalactams|Class_C_betalactamases|CMY,Drugs,betalactams,Class_C_betalactamases,CMY
MEG_4976|Drugs|betalactams|Class_D_betalactamases|OXA,Drugs,betalactams,Class_D_betalactamases,OXA
MEG_5882|Drugs|Fluoroquinolones|Quinolone_resistance_protein_Qnr|QNRB,Drugs,Fluoroquinolones,Quinolone_resistance_protein_Qnr,QNRB
MEG_7684|Drugs|Multi-drug_resistance|Multi-drug_ABC_efflux_pumps|VGA,Drugs,Multi-drug_resistance,Multi-drug_ABC_efflux_pumps,VGA
MEG_1435|Drugs|betalactams|Class_A_betalactamases|BLAZ,Drugs,betalactams,Class_A_betalactamases,BLAZ
MEG_351|Drugs|Aminoglycosides|Aminoglycoside_N-acetyltransferases|AAC6-PRIME,Drugs,Aminoglycosides,Aminoglycoside_N-acetyltransferases,AAC6-PRIME
MEG_1423|Drugs|betalactams|Class_A_betalactamases|BLAZ,Drugs,betalactams,Class_A_betalactamases,BLAZ
MEG_1428|Drugs|betalactams|Class_A_betalactamases|BLAZ,Drugs,betalactams,Class_A_betalactamases,BLAZ
MEG_1923|Drugs|betalactams|Class_C_betalactamases|CMY,Drugs,betalactams,Class_C_betalactamases,CMY
MEG_1950|Drugs|betalactams|Class_C_betalactamases|CMY,Drugs,betalactams,Class_C_betalactamases,CMY
MEG_6867|Drugs|betalactams|Class_A_betalactamases|TEM,Drugs,betalactams,Class_A_betalactamases,TEM
MEG_7112|Drugs|Tetracyclines|Tetracycline_resistance_ribosomal_protection_proteins|TETM,Drugs,Tetracyclines,Tetracycline_resistance_ribosomal_protection_proteins,TETM
MEG_7138|Drugs|Tetracyclines|Tetracycline_resistance_ribosomal_protection_proteins|TETM,Drugs,Tetracyclines,Tetracycline_resistance_ribosomal_protection_proteins,TETM
MEG_1356|Drugs|betalactams|Class_A_betalactamases|BLAZ,Drugs,betalactams,Class_A_betalactamases,BLAZ
MEG_2791|Drugs|MLS|23S_rRNA_methyltransferases|ERMB,Drugs,MLS,23S_rRNA_methyltransferases,ERMB
